Metric,changed_files,additions,deletions,total_lines,analysis_time_hours,body_length,participants,comments,review_count
changed_files,1.0,0.7154528032439158,0.5798126363225024,0.7527612448415432,-0.10925124646198665,0.16479771442298485,0.03514470192207321,0.2010692669522692,0.24123075092216717
additions,0.7154528032439158,1.0,0.5233846874503262,0.9537757175192885,-0.06584977765701813,0.19088724451843236,0.023122793900745054,0.20512142660927513,0.2817474752629032
deletions,0.5798126363225024,0.5233846874503262,1.0,0.6573256183614982,-0.11628314294866562,0.12352185925232792,-0.0030006167094661557,0.12036157479557975,0.1622877434908142
total_lines,0.7527612448415432,0.9537757175192885,0.6573256183614982,1.0,-0.08721792336251644,0.17631522456437082,0.026177615148125263,0.19943832186628438,0.2708107386958719
analysis_time_hours,-0.10925124646198665,-0.06584977765701813,-0.11628314294866562,-0.08721792336251644,1.0,-0.03271208814156086,0.21654260612685342,0.13940199416847796,0.07140696283414583
body_length,0.16479771442298485,0.19088724451843236,0.12352185925232792,0.17631522456437082,-0.03271208814156086,1.0,-0.0827678113408832,0.1743672258540983,0.16920851383133628
participants,0.03514470192207321,0.023122793900745054,-0.0030006167094661557,0.026177615148125263,0.21654260612685342,-0.0827678113408832,1.0,0.3378250378491024,0.3245564475388336
comments,0.2010692669522692,0.20512142660927513,0.12036157479557975,0.19943832186628438,0.13940199416847796,0.1743672258540983,0.3378250378491024,1.0,0.27626106931082206
review_count,0.24123075092216717,0.2817474752629032,0.1622877434908142,0.2708107386958719,0.07140696283414583,0.16920851383133628,0.3245564475388336,0.27626106931082206,1.0
